Feature,Importance
failures,0.49196680505595686
absences,0.27723678046099953
goout,0.12326064857413184
Mjob,0.09891290056495831
sex,0.08796913529310184
Medu,0.07262079542194666
schoolsup,0.06946054886700588
guardian,0.058733988882112384
romantic,0.054531154075843705
studytime,0.04662772631459648
reason,0.041746492409129886
age,0.03676395505098351
Fjob,0.03410733145949858
famrel,0.026383772564920704
freetime,0.024016245564202877
activities,0.02290687232122566
health,0.021159101339435306
Walc,0.019194049315520358
traveltime,0.017989959690494793
address,0.009055233233957826
school,0.007067679631214174
Pstatus,0.006409484220285
nursery,0.005033793666409903
higher,0.00475391037881745
paid,0.001622335453658552
famsize,-0.0001071876295500207
internet,-0.0018764746864994297
Fedu,-0.0023394693666022983
famsup,-0.0032449257345270157
Dalc,-0.006470502077273066
